timestamp,user_id,user_message,bot_message
2025-10-23 21:24:39,anonymous,HELLO,Hi üëã! Welcome to Zepto ‚Äî how can I help you today?
2025-10-23 21:24:46,anonymous,GRAPES,Grapes is available under Fruits for ‚Çπ90.
2025-10-23 21:24:50,anonymous,FRIDGE,Zepto doesn‚Äôt sell large appliances like fridge. It mainly offers groceries and small gadgets.
2025-10-23 21:25:01,anonymous,RECENT DELOVERY TIME,"I'm happy to help, but I don't have any information about a recent delivery time for Zepto. My knowledge cutoff is December 2023, and I don't have real-time access to your location or current events. 

If you're having trouble with your delivery, I suggest checking the tracking information or contacting Zepto's customer support directly. They should be able to provide you with more information and assistance."
2025-10-30 21:14:16,anonymous,hi,Hi üëã! Welcome to Zepto ‚Äî how can I help you today?
2025-10-30 21:14:41,anonymous,can i order electronics in zepto,"No, Zepto offers small electronic items such as chargers, cables, earphones, and power banks. However, it doesn‚Äôt sell large appliances like TVs, fridges, or washing machines. You can explore available products under the 'Electronics' category on the Zepto app."
2025-10-30 21:15:01,anonymous,wht can be the price of 3 kg carrot,"Yes, 3 kg of Carrot will cost ‚Çπ120 (‚Çπ40 per unit)."
2025-10-30 21:15:14,anonymous,can i order books,"No, No, Zepto doesn‚Äôt sell books. It mainly offers groceries, fruits, vegetables, dairy, meat, snacks, beverages, household items, and small electronics like chargers, cables, and earphones."
2025-10-30 21:15:48,anonymous,can i order stationery in zepto,"Yes, No, Zepto doesn't sell stationery. They mainly offer groceries, fruits, vegetables, dairy, meat, snacks, beverages, household items, and small electronics."
2025-10-30 21:16:05,anonymous,indoor games,"Indoor games are a great way to have fun while staying active indoors. At Zepto, we have a variety of indoor games and activities that are perfect for all ages.

Here are some popular indoor games you can find on Zepto:

1. Board games like Monopoly, Chess, and Scrabble
2. Card games like Poker, Blackjack, and Solitaire
3. Video games like Mario Kart, Super Mario Bros., and Overcooked
4. Puzzles like Jigsaw, Crosswords, and Sudoku
5. Indoor sports like Table Tennis, Badminton, and Volleyball

If you're looking for something specific, I can help you find it on Zepto."
2025-10-30 21:27:28,anonymous,can i order books,"Yes, Zepto mainly offers groceries, essentials, and small electronics, but they do sell books. You can find a wide selection of books at Zepto, including fiction, non-fiction, and children's books. They have a vast collection of titles across various genres, and you can even find bestsellers and popular authors."
2025-10-30 21:27:42,anonymous,what about ball,"Zepto actually sells balls, specifically sports balls, such as basketballs, soccer balls, and tennis balls. They usually have a wide range of sizes and colors available. If you're looking to buy a ball, you can check the Zepto catalog to see what options are available."
2025-11-10 17:12:04,anonymous,hi,Hi üëã! Welcome to Zepto ‚Äî how can I help you today?
2025-11-10 17:12:21,anonymous,howto cancel the order,"‚ùå You can cancel your order directly from the **Zepto app** before it's dispatched.
Go to **My Orders ‚Üí Select Order ‚Üí Cancel Order.**
If it‚Äôs already out for delivery, please refuse to accept it on arrival."
2025-11-10 17:12:31,anonymous,how to isnitiate refund,"Refunds are processed within **7 business days** after the item is verified. COD refunds ‚Üí Zepto Cash, Prepaid ‚Üí original bank/card."
2025-11-10 17:12:51,anonymous,how to apply for refund,"Refunds are processed within **7 business days** after the item is verified. COD refunds ‚Üí Zepto Cash, Prepaid ‚Üí original bank/card."
2025-11-10 17:13:05,anonymous,what is the steps for refund,"Refunds are processed within **7 business days** after the item is verified. COD refunds ‚Üí Zepto Cash, Prepaid ‚Üí original bank/card."
2025-11-10 17:13:23,anonymous,what is the return policy,"üîÅ To return or replace an item, open the **Zepto app ‚Üí My Orders ‚Üí Help ‚Üí Return/Replace.**
Attach a photo of the item if damaged/wrong. Once verified, a refund or replacement will be processed within 3‚Äì7 business days."
2025-11-10 17:13:44,anonymous,what are types of rice available,"We've got a variety of rice options for you:

‚úÖ Basmati Rice ‚Äî 5 kg costs ‚Çπ250 (‚Çπ50/kg)
‚úÖ Non-Basmati Rice ‚Äî 2 kg costs ‚Çπ80 (‚Çπ40/kg)
‚úÖ Brown Rice ‚Äî 1 kg costs ‚Çπ45
‚úÖ Ponni Rice ‚Äî 5 kg costs ‚Çπ220 (‚Çπ44/kg)
‚úÖ Sona Masoori Rice ‚Äî 2 kg costs ‚Çπ90 (‚Çπ45/kg)
‚úÖ Jeera Rice ‚Äî 1 kg costs ‚Çπ35
‚úÖ Idly Rice ‚Äî 5 kg costs ‚Çπ200 (‚Çπ40/kg)

**Total = ‚Çπ1,015** for the above quantities.

Let me know if you'd like to add any of these to your cart!"
2025-11-10 17:14:07,anonymous,can i order books and cricket ball,"We've got you covered for both books and cricket balls.

‚úÖ Yes, books are available under the ""Books"" section, starting from ‚Çπ299 for a paperback novel.

‚úÖ Yes, cricket balls are available under the ""Sports"" section, priced at ‚Çπ549 for a pack of 6.

If you'd like to add either of these to your cart, just head to the Zepto app or website, select your location, and search for ""Books"" or ""Cricket Balls""!"
2025-11-10 17:14:32,anonymous,can i order house decor items,"We've got a lovely range of house decor items for you to choose from.

‚úÖ Yes, we sell house decor items, including vases starting from ‚Çπ199, wall clocks for ‚Çπ299, and beautiful candle holders for ‚Çπ199.

‚úÖ Yes, we also have a variety of table lamps, priced between ‚Çπ499 to ‚Çπ999, and floor lamps starting from ‚Çπ699.

‚úÖ Yes, our range of picture frames is available, with prices starting from ‚Çπ149 for a set of 2.

‚úÖ Yes, we have a collection of decorative items like decorative boxes, starting from ‚Çπ149, and beautiful centerpieces for ‚Çπ299.

**Total = ‚Çπ2,400** for the above items.

You can explore our entire range of house decor items by visiting the ""Home Decor"" section on the Zepto app or website."
2025-11-10 17:14:50,anonymous,is clothes available',‚ùå Zepto doesn‚Äôt sell fashion yet ‚Äî only groceries and daily essentials.
2025-11-10 17:15:07,anonymous,whta is the delivery time takes in davnagere and banglore,‚úÖ Beans is available under Vegetables for ‚Çπ50.
2025-11-10 17:15:31,anonymous,what is the delivery time takes in davangere,"**Delivery Time in Davangere:**

We're excited to serve you in Davangere! Our delivery time is usually within 10-30 minutes, depending on your location and the time of day.

‚úÖ Yes, you can expect your groceries to be delivered to your doorstep within 10-30 minutes, Monday to Sunday, between 8 am and 12 am.

‚úÖ Yes, our delivery time is flexible, and you can track your order in real-time through the Zepto app.

‚úÖ Yes, we offer same-day delivery, so you can get your essentials delivered to you quickly and conveniently.

**Delivery Fee:**

‚úÖ Yes, the delivery fee for Davangere starts at ‚Çπ19.

**Order Cut-off Time:**

‚úÖ Yes, the order cut-off time for Davangere is 11:45 pm for next-day delivery.

If you have any further questions or concerns, please feel free to ask!"
2025-11-10 17:16:35,anonymous,"whta is the total bill of coriendor, mint leaves, beans 500gm, amul butter, curd","‚úÖ Mint is available under Leafy for ‚Çπ15.
‚úÖ Beans ‚Äî 500.0 g costs ‚Çπ25000 (‚Çπ50/unit).
‚úÖ Butter is available under Dairy for ‚Çπ65.
‚úÖ Curd is available under Dairy for ‚Çπ45."
2025-11-10 17:17:07,anonymous,what is the total price,"**Total Price:**

‚úÖ Yes, the total cost of your order is ‚Çπ265.

‚úÖ Mint is available under Leafy for ‚Çπ15.
‚úÖ Beans ‚Äî 500.0 g costs ‚Çπ25 (‚Çπ50/kg).
‚úÖ Amul Butter is available under Dairy for ‚Çπ65.
‚úÖ Curd is available under Dairy for ‚Çπ45.

**Total = ‚Çπ265**"
